-- ================================================================
-- 94CramManageSystem Demo Data Seed Script
-- ================================================================
-- Target: 94platform database
-- Tenant: 00000000-0000-0000-0000-000000000001 (蜂神榜補習班)
-- Run:    PGPASSWORD="$DB_PASSWORD" psql -h 35.221.144.161 -U postgres -d 94platform -f scripts/seed-demo-data.sql
-- ================================================================

BEGIN;

-- ================================================================
-- Fixed UUIDs for referential integrity
-- ================================================================
-- Tenant:    00000000-0000-0000-0000-000000000001
-- Existing:  00000000-0000-0000-0000-000000000002 (系統管理員)
--
-- Branches:  b0000000-0000-0000-0000-000000000001 (總部)
--            b0000000-0000-0000-0000-000000000002 (板橋分部)
--
-- Users:     a0000000-0000-0000-0000-000000000001 (Dali)
--            a0000000-0000-0000-0000-000000000002 ~ 005 (staff/teachers)
--
-- Courses:   c0000000-0000-0000-0000-000000000001 ~ 008
-- Students:  d0000000-0000-0000-0000-000000000001 ~ 020
-- Teachers:  e0000000-0000-0000-0000-000000000001 ~ 005
-- Enrollments: f0000000-0000-0000-0000-000000000001 ~ 025
-- Exams:     ee000000-0000-0000-0000-000000000001 ~ 005
-- Categories: dd000000-0000-0000-0000-000000000001 ~ 005
-- Warehouses: aa000000-0000-0000-0000-000000000001 ~ 002
-- Items:     bb000000-0000-0000-0000-000000000001 ~ 015
-- Suppliers: cc000000-0000-0000-0000-000000000001 ~ 003

-- ================================================================
-- 1. BRANCHES (分校)
-- ================================================================

INSERT INTO branches (id, tenant_id, name, address, phone) VALUES
('b0000000-0000-0000-0000-000000000001', '00000000-0000-0000-0000-000000000001', '總部', '台北市大安區復興南路二段100號3樓', '02-2700-9400'),
('b0000000-0000-0000-0000-000000000002', '00000000-0000-0000-0000-000000000001', '板橋分部', '新北市板橋區文化路一段88號2樓', '02-2968-9400')
ON CONFLICT DO NOTHING;

-- ================================================================
-- 2. USERS (使用者帳號)
-- ================================================================

-- Dali admin account (password: REDACTED)
INSERT INTO users (id, tenant_id, branch_id, email, password_hash, name, role, is_active) VALUES
('a0000000-0000-0000-0000-000000000001', '00000000-0000-0000-0000-000000000001', 'b0000000-0000-0000-0000-000000000001',
 'superafat092@gmail.com', '$2a$10$N9qo8uLOickgx2ZMRZoMyeIjZAgcfl7p92ldGxad68LJZdL17lhWy', 'Dali', 'admin', true)
ON CONFLICT (email) DO NOTHING;

-- Staff / teacher accounts
INSERT INTO users (id, tenant_id, branch_id, email, password_hash, name, role, is_active) VALUES
('a0000000-0000-0000-0000-000000000002', '00000000-0000-0000-0000-000000000001', 'b0000000-0000-0000-0000-000000000001',
 'wang.teacher@94cram.app', '$2a$10$N9qo8uLOickgx2ZMRZoMyeIjZAgcfl7p92ldGxad68LJZdL17lhWy', '王志明', 'teacher', true),
('a0000000-0000-0000-0000-000000000003', '00000000-0000-0000-0000-000000000001', 'b0000000-0000-0000-0000-000000000001',
 'chen.teacher@94cram.app', '$2a$10$N9qo8uLOickgx2ZMRZoMyeIjZAgcfl7p92ldGxad68LJZdL17lhWy', '陳美玲', 'teacher', true),
('a0000000-0000-0000-0000-000000000004', '00000000-0000-0000-0000-000000000001', 'b0000000-0000-0000-0000-000000000002',
 'lin.staff@94cram.app', '$2a$10$N9qo8uLOickgx2ZMRZoMyeIjZAgcfl7p92ldGxad68LJZdL17lhWy', '林佳蓉', 'staff', true),
('a0000000-0000-0000-0000-000000000005', '00000000-0000-0000-0000-000000000001', 'b0000000-0000-0000-0000-000000000002',
 'huang.teacher@94cram.app', '$2a$10$N9qo8uLOickgx2ZMRZoMyeIjZAgcfl7p92ldGxad68LJZdL17lhWy', '黃國豪', 'teacher', true)
ON CONFLICT (email) DO NOTHING;

-- ================================================================
-- 3. MANAGE_COURSES (課程)
-- ================================================================

INSERT INTO manage_courses (id, tenant_id, name, subject, grade, fee_monthly, fee_quarterly, fee_semester, hours) VALUES
('c0000000-0000-0000-0000-000000000001', '00000000-0000-0000-0000-000000000001', '國一數學精修班', '數學', '國一', 3500, 9500, 18000, 48),
('c0000000-0000-0000-0000-000000000002', '00000000-0000-0000-0000-000000000001', '國二數學衝刺班', '數學', '國二', 3800, 10500, 19000, 48),
('c0000000-0000-0000-0000-000000000003', '00000000-0000-0000-0000-000000000001', '國三數學總複習', '數學', '國三', 4200, 11500, 21000, 60),
('c0000000-0000-0000-0000-000000000004', '00000000-0000-0000-0000-000000000001', '國一英文基礎班', '英文', '國一', 3500, 9500, 18000, 48),
('c0000000-0000-0000-0000-000000000005', '00000000-0000-0000-0000-000000000001', '國二英文進階班', '英文', '國二', 3800, 10500, 19000, 48),
('c0000000-0000-0000-0000-000000000006', '00000000-0000-0000-0000-000000000001', '國三英文會考班', '英文', '國三', 4200, 11500, 21000, 60),
('c0000000-0000-0000-0000-000000000007', '00000000-0000-0000-0000-000000000001', '高中數學先修班', '數學', '高一', 5000, 14000, 26000, 60),
('c0000000-0000-0000-0000-000000000008', '00000000-0000-0000-0000-000000000001', '高中英文閱讀班', '英文', '高一', 5500, 15000, 28000, 60)
ON CONFLICT DO NOTHING;

-- ================================================================
-- 4. MANAGE_STUDENTS (學生)
-- ================================================================

INSERT INTO manage_students (id, tenant_id, name, phone, email, grade, school, guardian_name, guardian_phone, status) VALUES
('d0000000-0000-0000-0000-000000000001', '00000000-0000-0000-0000-000000000001', '陳小明', '0912-345-001', 'student01@example.com', '國一', '大安國中', '陳志偉', '0933-100-001', 'active'),
('d0000000-0000-0000-0000-000000000002', '00000000-0000-0000-0000-000000000001', '林雅婷', '0912-345-002', 'student02@example.com', '國一', '大安國中', '林美華', '0933-100-002', 'active'),
('d0000000-0000-0000-0000-000000000003', '00000000-0000-0000-0000-000000000001', '王建宏', '0912-345-003', 'student03@example.com', '國二', '金華國中', '王淑芬', '0933-100-003', 'active'),
('d0000000-0000-0000-0000-000000000004', '00000000-0000-0000-0000-000000000001', '張雅琪', '0912-345-004', 'student04@example.com', '國二', '金華國中', '張國華', '0933-100-004', 'active'),
('d0000000-0000-0000-0000-000000000005', '00000000-0000-0000-0000-000000000001', '李俊傑', '0912-345-005', 'student05@example.com', '國三', '師大附中國中部', '李秀蘭', '0933-100-005', 'active'),
('d0000000-0000-0000-0000-000000000006', '00000000-0000-0000-0000-000000000001', '黃心怡', '0912-345-006', 'student06@example.com', '國三', '師大附中國中部', '黃志豪', '0933-100-006', 'active'),
('d0000000-0000-0000-0000-000000000007', '00000000-0000-0000-0000-000000000001', '劉家豪', '0912-345-007', 'student07@example.com', '國一', '板橋國中', '劉美珍', '0933-100-007', 'active'),
('d0000000-0000-0000-0000-000000000008', '00000000-0000-0000-0000-000000000001', '蔡宜芳', '0912-345-008', 'student08@example.com', '國二', '板橋國中', '蔡明輝', '0933-100-008', 'active'),
('d0000000-0000-0000-0000-000000000009', '00000000-0000-0000-0000-000000000001', '許文翔', '0912-345-009', 'student09@example.com', '國三', '中和國中', '許淑惠', '0933-100-009', 'active'),
('d0000000-0000-0000-0000-000000000010', '00000000-0000-0000-0000-000000000001', '鄭雨潔', '0912-345-010', 'student10@example.com', '高一', '板橋高中', '鄭大明', '0933-100-010', 'active'),
('d0000000-0000-0000-0000-000000000011', '00000000-0000-0000-0000-000000000001', '吳承恩', '0912-345-011', 'student11@example.com', '國一', '大安國中', '吳麗華', '0933-100-011', 'active'),
('d0000000-0000-0000-0000-000000000012', '00000000-0000-0000-0000-000000000001', '周子涵', '0912-345-012', 'student12@example.com', '國二', '金華國中', '周建國', '0933-100-012', 'active'),
('d0000000-0000-0000-0000-000000000013', '00000000-0000-0000-0000-000000000001', '楊博凱', '0912-345-013', 'student13@example.com', '國三', '中正國中', '楊淑芳', '0933-100-013', 'active'),
('d0000000-0000-0000-0000-000000000014', '00000000-0000-0000-0000-000000000001', '謝佳穎', '0912-345-014', 'student14@example.com', '高一', '建國中學', '謝文彬', '0933-100-014', 'active'),
('d0000000-0000-0000-0000-000000000015', '00000000-0000-0000-0000-000000000001', '蘇柏翰', '0912-345-015', 'student15@example.com', '國一', '板橋國中', '蘇美玲', '0933-100-015', 'active'),
('d0000000-0000-0000-0000-000000000016', '00000000-0000-0000-0000-000000000001', '曾詩涵', '0912-345-016', 'student16@example.com', '國二', '中和國中', '曾國榮', '0933-100-016', 'active'),
('d0000000-0000-0000-0000-000000000017', '00000000-0000-0000-0000-000000000001', '洪瑋廷', '0912-345-017', 'student17@example.com', '國三', '板橋國中', '洪秀英', '0933-100-017', 'active'),
('d0000000-0000-0000-0000-000000000018', '00000000-0000-0000-0000-000000000001', '郭芷瑄', '0912-345-018', 'student18@example.com', '高一', '北一女中', '郭明德', '0933-100-018', 'active'),
('d0000000-0000-0000-0000-000000000019', '00000000-0000-0000-0000-000000000001', '呂品諺', '0912-345-019', 'student19@example.com', '國二', '大安國中', '呂淑娟', '0933-100-019', 'inactive'),
('d0000000-0000-0000-0000-000000000020', '00000000-0000-0000-0000-000000000001', '趙語彤', '0912-345-020', 'student20@example.com', '國三', '中正國中', '趙建志', '0933-100-020', 'inactive')
ON CONFLICT DO NOTHING;

-- ================================================================
-- 5. MANAGE_TEACHERS (教師)
-- ================================================================

INSERT INTO manage_teachers (id, tenant_id, user_id, name, phone, email, expertise, hourly_rate) VALUES
('e0000000-0000-0000-0000-000000000001', '00000000-0000-0000-0000-000000000001', 'a0000000-0000-0000-0000-000000000002', '王志明', '0922-001-001', 'wang.teacher@94cram.app', '國中數學、高中數學', 1200),
('e0000000-0000-0000-0000-000000000002', '00000000-0000-0000-0000-000000000001', 'a0000000-0000-0000-0000-000000000003', '陳美玲', '0922-001-002', 'chen.teacher@94cram.app', '國中英文、英文會話', 1100),
('e0000000-0000-0000-0000-000000000003', '00000000-0000-0000-0000-000000000001', NULL, '張文哲', '0922-001-003', 'chang.teacher@94cram.app', '高中數學、微積分', 1500),
('e0000000-0000-0000-0000-000000000004', '00000000-0000-0000-0000-000000000001', 'a0000000-0000-0000-0000-000000000005', '黃國豪', '0922-001-004', 'huang.teacher@94cram.app', '國中英文、高中英文', 1300),
('e0000000-0000-0000-0000-000000000005', '00000000-0000-0000-0000-000000000001', NULL, '林佩珊', '0922-001-005', 'lin.pe@94cram.app', '國中數學、理化', 1000)
ON CONFLICT DO NOTHING;

-- ================================================================
-- 6. MANAGE_ENROLLMENTS (選課/報名)
-- ================================================================

INSERT INTO manage_enrollments (id, tenant_id, student_id, course_id, start_date, end_date, status) VALUES
-- 國一數學精修班 students
('f0000000-0000-0000-0000-000000000001', '00000000-0000-0000-0000-000000000001', 'd0000000-0000-0000-0000-000000000001', 'c0000000-0000-0000-0000-000000000001', '2026-02-01', '2026-07-31', 'active'),
('f0000000-0000-0000-0000-000000000002', '00000000-0000-0000-0000-000000000001', 'd0000000-0000-0000-0000-000000000002', 'c0000000-0000-0000-0000-000000000001', '2026-02-01', '2026-07-31', 'active'),
('f0000000-0000-0000-0000-000000000003', '00000000-0000-0000-0000-000000000001', 'd0000000-0000-0000-0000-000000000007', 'c0000000-0000-0000-0000-000000000001', '2026-02-01', '2026-07-31', 'active'),
('f0000000-0000-0000-0000-000000000004', '00000000-0000-0000-0000-000000000001', 'd0000000-0000-0000-0000-000000000011', 'c0000000-0000-0000-0000-000000000001', '2026-02-01', '2026-07-31', 'active'),
('f0000000-0000-0000-0000-000000000005', '00000000-0000-0000-0000-000000000001', 'd0000000-0000-0000-0000-000000000015', 'c0000000-0000-0000-0000-000000000001', '2026-02-01', '2026-07-31', 'active'),
-- 國二數學衝刺班 students
('f0000000-0000-0000-0000-000000000006', '00000000-0000-0000-0000-000000000001', 'd0000000-0000-0000-0000-000000000003', 'c0000000-0000-0000-0000-000000000002', '2026-02-01', '2026-07-31', 'active'),
('f0000000-0000-0000-0000-000000000007', '00000000-0000-0000-0000-000000000001', 'd0000000-0000-0000-0000-000000000004', 'c0000000-0000-0000-0000-000000000002', '2026-02-01', '2026-07-31', 'active'),
('f0000000-0000-0000-0000-000000000008', '00000000-0000-0000-0000-000000000001', 'd0000000-0000-0000-0000-000000000008', 'c0000000-0000-0000-0000-000000000002', '2026-02-01', '2026-07-31', 'active'),
('f0000000-0000-0000-0000-000000000009', '00000000-0000-0000-0000-000000000001', 'd0000000-0000-0000-0000-000000000012', 'c0000000-0000-0000-0000-000000000002', '2026-02-01', '2026-07-31', 'active'),
-- 國三數學總複習 students
('f0000000-0000-0000-0000-000000000010', '00000000-0000-0000-0000-000000000001', 'd0000000-0000-0000-0000-000000000005', 'c0000000-0000-0000-0000-000000000003', '2025-09-01', '2026-06-30', 'active'),
('f0000000-0000-0000-0000-000000000011', '00000000-0000-0000-0000-000000000001', 'd0000000-0000-0000-0000-000000000006', 'c0000000-0000-0000-0000-000000000003', '2025-09-01', '2026-06-30', 'active'),
('f0000000-0000-0000-0000-000000000012', '00000000-0000-0000-0000-000000000001', 'd0000000-0000-0000-0000-000000000009', 'c0000000-0000-0000-0000-000000000003', '2025-09-01', '2026-06-30', 'active'),
('f0000000-0000-0000-0000-000000000013', '00000000-0000-0000-0000-000000000001', 'd0000000-0000-0000-0000-000000000013', 'c0000000-0000-0000-0000-000000000003', '2025-09-01', '2026-06-30', 'active'),
-- 國一英文基礎班 students
('f0000000-0000-0000-0000-000000000014', '00000000-0000-0000-0000-000000000001', 'd0000000-0000-0000-0000-000000000001', 'c0000000-0000-0000-0000-000000000004', '2026-02-01', '2026-07-31', 'active'),
('f0000000-0000-0000-0000-000000000015', '00000000-0000-0000-0000-000000000001', 'd0000000-0000-0000-0000-000000000002', 'c0000000-0000-0000-0000-000000000004', '2026-02-01', '2026-07-31', 'active'),
('f0000000-0000-0000-0000-000000000016', '00000000-0000-0000-0000-000000000001', 'd0000000-0000-0000-0000-000000000011', 'c0000000-0000-0000-0000-000000000004', '2026-02-01', '2026-07-31', 'active'),
-- 國三英文會考班 students
('f0000000-0000-0000-0000-000000000017', '00000000-0000-0000-0000-000000000001', 'd0000000-0000-0000-0000-000000000005', 'c0000000-0000-0000-0000-000000000006', '2025-09-01', '2026-06-30', 'active'),
('f0000000-0000-0000-0000-000000000018', '00000000-0000-0000-0000-000000000001', 'd0000000-0000-0000-0000-000000000006', 'c0000000-0000-0000-0000-000000000006', '2025-09-01', '2026-06-30', 'active'),
('f0000000-0000-0000-0000-000000000019', '00000000-0000-0000-0000-000000000001', 'd0000000-0000-0000-0000-000000000017', 'c0000000-0000-0000-0000-000000000006', '2025-09-01', '2026-06-30', 'active'),
-- 高中數學先修班 students
('f0000000-0000-0000-0000-000000000020', '00000000-0000-0000-0000-000000000001', 'd0000000-0000-0000-0000-000000000010', 'c0000000-0000-0000-0000-000000000007', '2026-02-01', '2026-07-31', 'active'),
('f0000000-0000-0000-0000-000000000021', '00000000-0000-0000-0000-000000000001', 'd0000000-0000-0000-0000-000000000014', 'c0000000-0000-0000-0000-000000000007', '2026-02-01', '2026-07-31', 'active'),
('f0000000-0000-0000-0000-000000000022', '00000000-0000-0000-0000-000000000001', 'd0000000-0000-0000-0000-000000000018', 'c0000000-0000-0000-0000-000000000007', '2026-02-01', '2026-07-31', 'active'),
-- 高中英文閱讀班 students
('f0000000-0000-0000-0000-000000000023', '00000000-0000-0000-0000-000000000001', 'd0000000-0000-0000-0000-000000000010', 'c0000000-0000-0000-0000-000000000008', '2026-02-01', '2026-07-31', 'active'),
('f0000000-0000-0000-0000-000000000024', '00000000-0000-0000-0000-000000000001', 'd0000000-0000-0000-0000-000000000014', 'c0000000-0000-0000-0000-000000000008', '2026-02-01', '2026-07-31', 'active'),
-- Cancelled enrollment
('f0000000-0000-0000-0000-000000000025', '00000000-0000-0000-0000-000000000001', 'd0000000-0000-0000-0000-000000000019', 'c0000000-0000-0000-0000-000000000005', '2025-09-01', '2025-12-31', 'cancelled')
ON CONFLICT DO NOTHING;

-- ================================================================
-- 7. MANAGE_PAYMENTS (繳費記錄)
-- ================================================================

INSERT INTO manage_payments (id, tenant_id, enrollment_id, amount, payment_method, paid_at, status) VALUES
-- 已繳費
('10000000-0000-0000-0000-000000000001', '00000000-0000-0000-0000-000000000001', 'f0000000-0000-0000-0000-000000000001', 9500.00, 'transfer', '2026-01-28', 'paid'),
('10000000-0000-0000-0000-000000000002', '00000000-0000-0000-0000-000000000001', 'f0000000-0000-0000-0000-000000000002', 3500.00, 'cash', '2026-02-01', 'paid'),
('10000000-0000-0000-0000-000000000003', '00000000-0000-0000-0000-000000000001', 'f0000000-0000-0000-0000-000000000003', 3500.00, 'cash', '2026-02-03', 'paid'),
('10000000-0000-0000-0000-000000000004', '00000000-0000-0000-0000-000000000001', 'f0000000-0000-0000-0000-000000000006', 10500.00, 'transfer', '2026-01-30', 'paid'),
('10000000-0000-0000-0000-000000000005', '00000000-0000-0000-0000-000000000001', 'f0000000-0000-0000-0000-000000000010', 21000.00, 'credit', '2025-08-25', 'paid'),
('10000000-0000-0000-0000-000000000006', '00000000-0000-0000-0000-000000000001', 'f0000000-0000-0000-0000-000000000011', 4200.00, 'cash', '2025-09-01', 'paid'),
('10000000-0000-0000-0000-000000000007', '00000000-0000-0000-0000-000000000001', 'f0000000-0000-0000-0000-000000000014', 9500.00, 'transfer', '2026-01-28', 'paid'),
('10000000-0000-0000-0000-000000000008', '00000000-0000-0000-0000-000000000001', 'f0000000-0000-0000-0000-000000000020', 14000.00, 'credit', '2026-01-25', 'paid'),
('10000000-0000-0000-0000-000000000009', '00000000-0000-0000-0000-000000000001', 'f0000000-0000-0000-0000-000000000017', 21000.00, 'transfer', '2025-08-28', 'paid'),
('10000000-0000-0000-0000-000000000010', '00000000-0000-0000-0000-000000000001', 'f0000000-0000-0000-0000-000000000023', 15000.00, 'credit', '2026-01-30', 'paid'),
-- 待繳費
('10000000-0000-0000-0000-000000000011', '00000000-0000-0000-0000-000000000001', 'f0000000-0000-0000-0000-000000000004', 3500.00, NULL, NULL, 'pending'),
('10000000-0000-0000-0000-000000000012', '00000000-0000-0000-0000-000000000001', 'f0000000-0000-0000-0000-000000000008', 3800.00, NULL, NULL, 'pending'),
('10000000-0000-0000-0000-000000000013', '00000000-0000-0000-0000-000000000001', 'f0000000-0000-0000-0000-000000000016', 3500.00, NULL, NULL, 'pending'),
-- 逾期
('10000000-0000-0000-0000-000000000014', '00000000-0000-0000-0000-000000000001', 'f0000000-0000-0000-0000-000000000012', 4200.00, NULL, NULL, 'overdue'),
('10000000-0000-0000-0000-000000000015', '00000000-0000-0000-0000-000000000001', 'f0000000-0000-0000-0000-000000000019', 4200.00, NULL, NULL, 'overdue')
ON CONFLICT DO NOTHING;

-- ================================================================
-- 8. INCLASS_SCHEDULES (課表)
-- ================================================================

INSERT INTO inclass_schedules (id, tenant_id, course_id, teacher_id, day_of_week, start_time, end_time, room) VALUES
-- 國一數學精修班: 週二 18:00-20:00
('20000000-0000-0000-0000-000000000001', '00000000-0000-0000-0000-000000000001', 'c0000000-0000-0000-0000-000000000001', 'e0000000-0000-0000-0000-000000000001', 2, '18:00', '20:00', 'A101'),
-- 國二數學衝刺班: 週三 18:00-20:00
('20000000-0000-0000-0000-000000000002', '00000000-0000-0000-0000-000000000001', 'c0000000-0000-0000-0000-000000000002', 'e0000000-0000-0000-0000-000000000001', 3, '18:00', '20:00', 'A101'),
-- 國三數學總複習: 週四 18:00-20:30
('20000000-0000-0000-0000-000000000003', '00000000-0000-0000-0000-000000000001', 'c0000000-0000-0000-0000-000000000003', 'e0000000-0000-0000-0000-000000000005', 4, '18:00', '20:30', 'A102'),
-- 國一英文基礎班: 週一 18:00-20:00
('20000000-0000-0000-0000-000000000004', '00000000-0000-0000-0000-000000000001', 'c0000000-0000-0000-0000-000000000004', 'e0000000-0000-0000-0000-000000000002', 1, '18:00', '20:00', 'B201'),
-- 國二英文進階班: 週二 18:00-20:00
('20000000-0000-0000-0000-000000000005', '00000000-0000-0000-0000-000000000001', 'c0000000-0000-0000-0000-000000000005', 'e0000000-0000-0000-0000-000000000002', 2, '18:00', '20:00', 'B201'),
-- 國三英文會考班: 週五 18:00-20:30
('20000000-0000-0000-0000-000000000006', '00000000-0000-0000-0000-000000000001', 'c0000000-0000-0000-0000-000000000006', 'e0000000-0000-0000-0000-000000000004', 5, '18:00', '20:30', 'B202'),
-- 高中數學先修班: 週六 09:00-12:00
('20000000-0000-0000-0000-000000000007', '00000000-0000-0000-0000-000000000001', 'c0000000-0000-0000-0000-000000000007', 'e0000000-0000-0000-0000-000000000003', 6, '09:00', '12:00', 'A102'),
-- 高中英文閱讀班: 週六 13:00-16:00
('20000000-0000-0000-0000-000000000008', '00000000-0000-0000-0000-000000000001', 'c0000000-0000-0000-0000-000000000008', 'e0000000-0000-0000-0000-000000000004', 6, '13:00', '16:00', 'B201'),
-- 國三數學總複習 (Saturday extra): 週六 13:00-15:00
('20000000-0000-0000-0000-000000000009', '00000000-0000-0000-0000-000000000001', 'c0000000-0000-0000-0000-000000000003', 'e0000000-0000-0000-0000-000000000001', 6, '13:00', '15:00', 'A101'),
-- 國一數學精修班 (板橋): 週四 18:00-20:00
('20000000-0000-0000-0000-000000000010', '00000000-0000-0000-0000-000000000001', 'c0000000-0000-0000-0000-000000000001', 'e0000000-0000-0000-0000-000000000005', 4, '18:00', '20:00', 'C301')
ON CONFLICT DO NOTHING;

-- ================================================================
-- 9. INCLASS_ATTENDANCES (點名記錄)
-- ================================================================
-- Recent week: 2026-02-23 (Mon) to 2026-02-28 (Sat)

INSERT INTO inclass_attendances (id, tenant_id, student_id, course_id, date, status, check_in_time, check_in_method) VALUES
-- 2026-02-23 (Mon) 國一英文基礎班
('30000000-0000-0000-0000-000000000001', '00000000-0000-0000-0000-000000000001', 'd0000000-0000-0000-0000-000000000001', 'c0000000-0000-0000-0000-000000000004', '2026-02-23 18:00:00', 'present', '2026-02-23 17:55:00', 'nfc'),
('30000000-0000-0000-0000-000000000002', '00000000-0000-0000-0000-000000000001', 'd0000000-0000-0000-0000-000000000002', 'c0000000-0000-0000-0000-000000000004', '2026-02-23 18:00:00', 'present', '2026-02-23 17:58:00', 'nfc'),
('30000000-0000-0000-0000-000000000003', '00000000-0000-0000-0000-000000000001', 'd0000000-0000-0000-0000-000000000011', 'c0000000-0000-0000-0000-000000000004', '2026-02-23 18:00:00', 'late', '2026-02-23 18:12:00', 'manual'),
-- 2026-02-24 (Tue) 國一數學精修班
('30000000-0000-0000-0000-000000000004', '00000000-0000-0000-0000-000000000001', 'd0000000-0000-0000-0000-000000000001', 'c0000000-0000-0000-0000-000000000001', '2026-02-24 18:00:00', 'present', '2026-02-24 17:50:00', 'nfc'),
('30000000-0000-0000-0000-000000000005', '00000000-0000-0000-0000-000000000001', 'd0000000-0000-0000-0000-000000000002', 'c0000000-0000-0000-0000-000000000001', '2026-02-24 18:00:00', 'present', '2026-02-24 17:52:00', 'nfc'),
('30000000-0000-0000-0000-000000000006', '00000000-0000-0000-0000-000000000001', 'd0000000-0000-0000-0000-000000000007', 'c0000000-0000-0000-0000-000000000001', '2026-02-24 18:00:00', 'absent', NULL, NULL),
('30000000-0000-0000-0000-000000000007', '00000000-0000-0000-0000-000000000001', 'd0000000-0000-0000-0000-000000000011', 'c0000000-0000-0000-0000-000000000001', '2026-02-24 18:00:00', 'present', '2026-02-24 17:56:00', 'nfc'),
('30000000-0000-0000-0000-000000000008', '00000000-0000-0000-0000-000000000001', 'd0000000-0000-0000-0000-000000000015', 'c0000000-0000-0000-0000-000000000001', '2026-02-24 18:00:00', 'present', '2026-02-24 17:48:00', 'nfc'),
-- 2026-02-25 (Wed) 國二數學衝刺班
('30000000-0000-0000-0000-000000000009', '00000000-0000-0000-0000-000000000001', 'd0000000-0000-0000-0000-000000000003', 'c0000000-0000-0000-0000-000000000002', '2026-02-25 18:00:00', 'present', '2026-02-25 17:55:00', 'nfc'),
('30000000-0000-0000-0000-000000000010', '00000000-0000-0000-0000-000000000001', 'd0000000-0000-0000-0000-000000000004', 'c0000000-0000-0000-0000-000000000002', '2026-02-25 18:00:00', 'present', '2026-02-25 17:50:00', 'nfc'),
('30000000-0000-0000-0000-000000000011', '00000000-0000-0000-0000-000000000001', 'd0000000-0000-0000-0000-000000000008', 'c0000000-0000-0000-0000-000000000002', '2026-02-25 18:00:00', 'late', '2026-02-25 18:15:00', 'manual'),
('30000000-0000-0000-0000-000000000012', '00000000-0000-0000-0000-000000000001', 'd0000000-0000-0000-0000-000000000012', 'c0000000-0000-0000-0000-000000000002', '2026-02-25 18:00:00', 'present', '2026-02-25 17:53:00', 'nfc'),
-- 2026-02-26 (Thu) 國三數學總複習
('30000000-0000-0000-0000-000000000013', '00000000-0000-0000-0000-000000000001', 'd0000000-0000-0000-0000-000000000005', 'c0000000-0000-0000-0000-000000000003', '2026-02-26 18:00:00', 'present', '2026-02-26 17:45:00', 'nfc'),
('30000000-0000-0000-0000-000000000014', '00000000-0000-0000-0000-000000000001', 'd0000000-0000-0000-0000-000000000006', 'c0000000-0000-0000-0000-000000000003', '2026-02-26 18:00:00', 'present', '2026-02-26 17:50:00', 'nfc'),
('30000000-0000-0000-0000-000000000015', '00000000-0000-0000-0000-000000000001', 'd0000000-0000-0000-0000-000000000009', 'c0000000-0000-0000-0000-000000000003', '2026-02-26 18:00:00', 'absent', NULL, NULL),
('30000000-0000-0000-0000-000000000016', '00000000-0000-0000-0000-000000000001', 'd0000000-0000-0000-0000-000000000013', 'c0000000-0000-0000-0000-000000000003', '2026-02-26 18:00:00', 'present', '2026-02-26 17:55:00', 'nfc'),
-- 2026-02-27 (Fri) 國三英文會考班
('30000000-0000-0000-0000-000000000017', '00000000-0000-0000-0000-000000000001', 'd0000000-0000-0000-0000-000000000005', 'c0000000-0000-0000-0000-000000000006', '2026-02-27 18:00:00', 'present', '2026-02-27 17:52:00', 'nfc'),
('30000000-0000-0000-0000-000000000018', '00000000-0000-0000-0000-000000000001', 'd0000000-0000-0000-0000-000000000006', 'c0000000-0000-0000-0000-000000000006', '2026-02-27 18:00:00', 'present', '2026-02-27 17:58:00', 'nfc'),
('30000000-0000-0000-0000-000000000019', '00000000-0000-0000-0000-000000000001', 'd0000000-0000-0000-0000-000000000017', 'c0000000-0000-0000-0000-000000000006', '2026-02-27 18:00:00', 'late', '2026-02-27 18:08:00', 'manual'),
-- 2026-02-28 (Sat) 高中數學先修班
('30000000-0000-0000-0000-000000000020', '00000000-0000-0000-0000-000000000001', 'd0000000-0000-0000-0000-000000000010', 'c0000000-0000-0000-0000-000000000007', '2026-02-28 09:00:00', 'present', '2026-02-28 08:50:00', 'nfc'),
('30000000-0000-0000-0000-000000000021', '00000000-0000-0000-0000-000000000001', 'd0000000-0000-0000-0000-000000000014', 'c0000000-0000-0000-0000-000000000007', '2026-02-28 09:00:00', 'present', '2026-02-28 08:55:00', 'nfc'),
('30000000-0000-0000-0000-000000000022', '00000000-0000-0000-0000-000000000001', 'd0000000-0000-0000-0000-000000000018', 'c0000000-0000-0000-0000-000000000007', '2026-02-28 09:00:00', 'absent', NULL, NULL),
-- 2026-02-28 (Sat) 高中英文閱讀班
('30000000-0000-0000-0000-000000000023', '00000000-0000-0000-0000-000000000001', 'd0000000-0000-0000-0000-000000000010', 'c0000000-0000-0000-0000-000000000008', '2026-02-28 13:00:00', 'present', '2026-02-28 12:55:00', 'nfc'),
('30000000-0000-0000-0000-000000000024', '00000000-0000-0000-0000-000000000001', 'd0000000-0000-0000-0000-000000000014', 'c0000000-0000-0000-0000-000000000008', '2026-02-28 13:00:00', 'present', '2026-02-28 12:58:00', 'nfc'),
-- Previous week: 2026-02-17 (Tue) 國一數學精修班
('30000000-0000-0000-0000-000000000025', '00000000-0000-0000-0000-000000000001', 'd0000000-0000-0000-0000-000000000001', 'c0000000-0000-0000-0000-000000000001', '2026-02-17 18:00:00', 'present', '2026-02-17 17:55:00', 'nfc'),
('30000000-0000-0000-0000-000000000026', '00000000-0000-0000-0000-000000000001', 'd0000000-0000-0000-0000-000000000002', 'c0000000-0000-0000-0000-000000000001', '2026-02-17 18:00:00', 'present', '2026-02-17 17:57:00', 'nfc'),
('30000000-0000-0000-0000-000000000027', '00000000-0000-0000-0000-000000000001', 'd0000000-0000-0000-0000-000000000007', 'c0000000-0000-0000-0000-000000000001', '2026-02-17 18:00:00', 'present', '2026-02-17 17:50:00', 'nfc'),
('30000000-0000-0000-0000-000000000028', '00000000-0000-0000-0000-000000000001', 'd0000000-0000-0000-0000-000000000011', 'c0000000-0000-0000-0000-000000000001', '2026-02-17 18:00:00', 'late', '2026-02-17 18:10:00', 'manual'),
('30000000-0000-0000-0000-000000000029', '00000000-0000-0000-0000-000000000001', 'd0000000-0000-0000-0000-000000000015', 'c0000000-0000-0000-0000-000000000001', '2026-02-17 18:00:00', 'absent', NULL, NULL),
-- 2026-02-18 (Wed) 國二數學衝刺班
('30000000-0000-0000-0000-000000000030', '00000000-0000-0000-0000-000000000001', 'd0000000-0000-0000-0000-000000000003', 'c0000000-0000-0000-0000-000000000002', '2026-02-18 18:00:00', 'present', '2026-02-18 17:50:00', 'nfc')
ON CONFLICT DO NOTHING;

-- ================================================================
-- 10. INCLASS_EXAMS (考試)
-- ================================================================

INSERT INTO inclass_exams (id, tenant_id, course_id, name, exam_date, total_score) VALUES
('ee000000-0000-0000-0000-000000000001', '00000000-0000-0000-0000-000000000001', 'c0000000-0000-0000-0000-000000000001', '國一數學第一次月考', '2026-02-20 18:00:00', 100),
('ee000000-0000-0000-0000-000000000002', '00000000-0000-0000-0000-000000000001', 'c0000000-0000-0000-0000-000000000002', '國二數學第一次月考', '2026-02-21 18:00:00', 100),
('ee000000-0000-0000-0000-000000000003', '00000000-0000-0000-0000-000000000001', 'c0000000-0000-0000-0000-000000000003', '國三數學模擬考（一）', '2026-02-15 18:00:00', 100),
('ee000000-0000-0000-0000-000000000004', '00000000-0000-0000-0000-000000000001', 'c0000000-0000-0000-0000-000000000004', '國一英文單字測驗', '2026-02-19 18:00:00', 100),
('ee000000-0000-0000-0000-000000000005', '00000000-0000-0000-0000-000000000001', 'c0000000-0000-0000-0000-000000000006', '國三英文模擬考（一）', '2026-02-14 18:00:00', 100)
ON CONFLICT DO NOTHING;

-- ================================================================
-- 11. INCLASS_EXAM_SCORES (考試成績)
-- ================================================================

INSERT INTO inclass_exam_scores (id, exam_id, student_id, score, note) VALUES
-- 國一數學第一次月考
('40000000-0000-0000-0000-000000000001', 'ee000000-0000-0000-0000-000000000001', 'd0000000-0000-0000-0000-000000000001', 92, '表現優秀'),
('40000000-0000-0000-0000-000000000002', 'ee000000-0000-0000-0000-000000000001', 'd0000000-0000-0000-0000-000000000002', 85, NULL),
('40000000-0000-0000-0000-000000000003', 'ee000000-0000-0000-0000-000000000001', 'd0000000-0000-0000-0000-000000000007', 78, '計算題需加強'),
('40000000-0000-0000-0000-000000000004', 'ee000000-0000-0000-0000-000000000001', 'd0000000-0000-0000-0000-000000000011', 68, '應用題需加強'),
('40000000-0000-0000-0000-000000000005', 'ee000000-0000-0000-0000-000000000001', 'd0000000-0000-0000-0000-000000000015', 73, NULL),
-- 國二數學第一次月考
('40000000-0000-0000-0000-000000000006', 'ee000000-0000-0000-0000-000000000002', 'd0000000-0000-0000-0000-000000000003', 88, NULL),
('40000000-0000-0000-0000-000000000007', 'ee000000-0000-0000-0000-000000000002', 'd0000000-0000-0000-0000-000000000004', 95, '班上最高分'),
('40000000-0000-0000-0000-000000000008', 'ee000000-0000-0000-0000-000000000002', 'd0000000-0000-0000-0000-000000000008', 72, '幾何單元需複習'),
('40000000-0000-0000-0000-000000000009', 'ee000000-0000-0000-0000-000000000002', 'd0000000-0000-0000-0000-000000000012', 81, NULL),
-- 國三數學模擬考
('40000000-0000-0000-0000-000000000010', 'ee000000-0000-0000-0000-000000000003', 'd0000000-0000-0000-0000-000000000005', 90, '穩定進步'),
('40000000-0000-0000-0000-000000000011', 'ee000000-0000-0000-0000-000000000003', 'd0000000-0000-0000-0000-000000000006', 76, NULL),
('40000000-0000-0000-0000-000000000012', 'ee000000-0000-0000-0000-000000000003', 'd0000000-0000-0000-0000-000000000009', 83, NULL),
('40000000-0000-0000-0000-000000000013', 'ee000000-0000-0000-0000-000000000003', 'd0000000-0000-0000-0000-000000000013', 65, '需加強代數'),
-- 國一英文單字測驗
('40000000-0000-0000-0000-000000000014', 'ee000000-0000-0000-0000-000000000004', 'd0000000-0000-0000-0000-000000000001', 96, '全班最高'),
('40000000-0000-0000-0000-000000000015', 'ee000000-0000-0000-0000-000000000004', 'd0000000-0000-0000-0000-000000000002', 88, NULL),
('40000000-0000-0000-0000-000000000016', 'ee000000-0000-0000-0000-000000000004', 'd0000000-0000-0000-0000-000000000011', 71, '拼字需多練習'),
-- 國三英文模擬考
('40000000-0000-0000-0000-000000000017', 'ee000000-0000-0000-0000-000000000005', 'd0000000-0000-0000-0000-000000000005', 82, NULL),
('40000000-0000-0000-0000-000000000018', 'ee000000-0000-0000-0000-000000000005', 'd0000000-0000-0000-0000-000000000006', 91, '閱讀理解很好'),
('40000000-0000-0000-0000-000000000019', 'ee000000-0000-0000-0000-000000000005', 'd0000000-0000-0000-0000-000000000017', 67, '文法需加強'),
('40000000-0000-0000-0000-000000000020', 'ee000000-0000-0000-0000-000000000005', 'd0000000-0000-0000-0000-000000000020', 74, NULL)
ON CONFLICT DO NOTHING;

-- ================================================================
-- 12. INCLASS_PARENTS (家長)
-- ================================================================

INSERT INTO inclass_parents (id, tenant_id, student_id, name, phone, relation, notify_enabled) VALUES
('50000000-0000-0000-0000-000000000001', '00000000-0000-0000-0000-000000000001', 'd0000000-0000-0000-0000-000000000001', '陳志偉', '0933-100-001', '父', true),
('50000000-0000-0000-0000-000000000002', '00000000-0000-0000-0000-000000000001', 'd0000000-0000-0000-0000-000000000001', '王秀珍', '0933-200-001', '母', true),
('50000000-0000-0000-0000-000000000003', '00000000-0000-0000-0000-000000000001', 'd0000000-0000-0000-0000-000000000002', '林美華', '0933-100-002', '母', true),
('50000000-0000-0000-0000-000000000004', '00000000-0000-0000-0000-000000000001', 'd0000000-0000-0000-0000-000000000003', '王淑芬', '0933-100-003', '母', true),
('50000000-0000-0000-0000-000000000005', '00000000-0000-0000-0000-000000000001', 'd0000000-0000-0000-0000-000000000005', '李秀蘭', '0933-100-005', '母', true),
('50000000-0000-0000-0000-000000000006', '00000000-0000-0000-0000-000000000001', 'd0000000-0000-0000-0000-000000000005', '李明哲', '0933-200-005', '父', false),
('50000000-0000-0000-0000-000000000007', '00000000-0000-0000-0000-000000000001', 'd0000000-0000-0000-0000-000000000007', '劉美珍', '0933-100-007', '母', true),
('50000000-0000-0000-0000-000000000008', '00000000-0000-0000-0000-000000000001', 'd0000000-0000-0000-0000-000000000010', '鄭大明', '0933-100-010', '父', true),
('50000000-0000-0000-0000-000000000009', '00000000-0000-0000-0000-000000000001', 'd0000000-0000-0000-0000-000000000014', '謝文彬', '0933-100-014', '父', true),
('50000000-0000-0000-0000-000000000010', '00000000-0000-0000-0000-000000000001', 'd0000000-0000-0000-0000-000000000018', '郭明德', '0933-100-018', '父', true)
ON CONFLICT DO NOTHING;

-- ================================================================
-- 13. INCLASS_PAYMENT_RECORDS (inClass 繳費記錄)
-- ================================================================

INSERT INTO inclass_payment_records (id, tenant_id, student_id, course_id, payment_type, amount, period_month, payment_date, status, created_by) VALUES
-- 2026-01 paid
('60000000-0000-0000-0000-000000000001', '00000000-0000-0000-0000-000000000001', 'd0000000-0000-0000-0000-000000000001', 'c0000000-0000-0000-0000-000000000001', 'monthly', 3500.00, '2026-01', '2026-01-05', 'paid', 'a0000000-0000-0000-0000-000000000001'),
('60000000-0000-0000-0000-000000000002', '00000000-0000-0000-0000-000000000001', 'd0000000-0000-0000-0000-000000000002', 'c0000000-0000-0000-0000-000000000001', 'monthly', 3500.00, '2026-01', '2026-01-05', 'paid', 'a0000000-0000-0000-0000-000000000001'),
('60000000-0000-0000-0000-000000000003', '00000000-0000-0000-0000-000000000001', 'd0000000-0000-0000-0000-000000000003', 'c0000000-0000-0000-0000-000000000002', 'monthly', 3800.00, '2026-01', '2026-01-08', 'paid', 'a0000000-0000-0000-0000-000000000001'),
('60000000-0000-0000-0000-000000000004', '00000000-0000-0000-0000-000000000001', 'd0000000-0000-0000-0000-000000000005', 'c0000000-0000-0000-0000-000000000003', 'monthly', 4200.00, '2026-01', '2026-01-03', 'paid', 'a0000000-0000-0000-0000-000000000001'),
-- 2026-02 paid
('60000000-0000-0000-0000-000000000005', '00000000-0000-0000-0000-000000000001', 'd0000000-0000-0000-0000-000000000001', 'c0000000-0000-0000-0000-000000000001', 'monthly', 3500.00, '2026-02', '2026-02-03', 'paid', 'a0000000-0000-0000-0000-000000000001'),
('60000000-0000-0000-0000-000000000006', '00000000-0000-0000-0000-000000000001', 'd0000000-0000-0000-0000-000000000003', 'c0000000-0000-0000-0000-000000000002', 'monthly', 3800.00, '2026-02', '2026-02-05', 'paid', 'a0000000-0000-0000-0000-000000000001'),
-- 2026-02 pending
('60000000-0000-0000-0000-000000000007', '00000000-0000-0000-0000-000000000001', 'd0000000-0000-0000-0000-000000000002', 'c0000000-0000-0000-0000-000000000001', 'monthly', 3500.00, '2026-02', NULL, 'pending', NULL),
('60000000-0000-0000-0000-000000000008', '00000000-0000-0000-0000-000000000001', 'd0000000-0000-0000-0000-000000000005', 'c0000000-0000-0000-0000-000000000003', 'monthly', 4200.00, '2026-02', NULL, 'pending', NULL),
-- 2026-03 pending
('60000000-0000-0000-0000-000000000009', '00000000-0000-0000-0000-000000000001', 'd0000000-0000-0000-0000-000000000001', 'c0000000-0000-0000-0000-000000000001', 'monthly', 3500.00, '2026-03', NULL, 'pending', NULL),
('60000000-0000-0000-0000-000000000010', '00000000-0000-0000-0000-000000000001', 'd0000000-0000-0000-0000-000000000010', 'c0000000-0000-0000-0000-000000000007', 'monthly', 5000.00, '2026-03', NULL, 'pending', NULL)
ON CONFLICT DO NOTHING;

-- ================================================================
-- 14. STOCK_CATEGORIES (庫存分類)
-- ================================================================

INSERT INTO stock_categories (id, tenant_id, name, description) VALUES
('dd000000-0000-0000-0000-000000000001', '00000000-0000-0000-0000-000000000001', '教科書', '各科教科書與課本'),
('dd000000-0000-0000-0000-000000000002', '00000000-0000-0000-0000-000000000001', '參考書', '各科參考書與講義'),
('dd000000-0000-0000-0000-000000000003', '00000000-0000-0000-0000-000000000001', '文具用品', '鉛筆、橡皮擦、原子筆等'),
('dd000000-0000-0000-0000-000000000004', '00000000-0000-0000-0000-000000000001', '制服/背包', '補習班制服及背包'),
('dd000000-0000-0000-0000-000000000005', '00000000-0000-0000-0000-000000000001', '考試用品', '答案卡、計算機、量角器等')
ON CONFLICT DO NOTHING;

-- ================================================================
-- 15. STOCK_WAREHOUSES (倉庫)
-- ================================================================

INSERT INTO stock_warehouses (id, tenant_id, name, address, is_default) VALUES
('aa000000-0000-0000-0000-000000000001', '00000000-0000-0000-0000-000000000001', '總部倉庫', '台北市大安區復興南路二段100號B1', true),
('aa000000-0000-0000-0000-000000000002', '00000000-0000-0000-0000-000000000001', '板橋倉庫', '新北市板橋區文化路一段88號1樓', false)
ON CONFLICT DO NOTHING;

-- ================================================================
-- 16. STOCK_ITEMS (庫存品項)
-- ================================================================

INSERT INTO stock_items (id, tenant_id, category_id, name, sku, unit, min_stock, price, description) VALUES
-- 教科書
('bb000000-0000-0000-0000-000000000001', '00000000-0000-0000-0000-000000000001', 'dd000000-0000-0000-0000-000000000001', '國中數學課本（上）', 'TXT-M-JH-1', '本', 20, 350.00, '翰林版國中數學上學期'),
('bb000000-0000-0000-0000-000000000002', '00000000-0000-0000-0000-000000000001', 'dd000000-0000-0000-0000-000000000001', '國中數學課本（下）', 'TXT-M-JH-2', '本', 20, 350.00, '翰林版國中數學下學期'),
('bb000000-0000-0000-0000-000000000003', '00000000-0000-0000-0000-000000000001', 'dd000000-0000-0000-0000-000000000001', '國中英文課本（上）', 'TXT-E-JH-1', '本', 20, 320.00, '南一版國中英文上學期'),
('bb000000-0000-0000-0000-000000000004', '00000000-0000-0000-0000-000000000001', 'dd000000-0000-0000-0000-000000000001', '高中數學課本', 'TXT-M-SH-1', '本', 10, 450.00, '三民版高中數學'),
-- 參考書
('bb000000-0000-0000-0000-000000000005', '00000000-0000-0000-0000-000000000001', 'dd000000-0000-0000-0000-000000000002', '國中數學題庫精選', 'REF-M-JH-Q', '本', 15, 280.00, '歷屆會考題型精選'),
('bb000000-0000-0000-0000-000000000006', '00000000-0000-0000-0000-000000000001', 'dd000000-0000-0000-0000-000000000002', '高中英文閱讀測驗', 'REF-E-SH-R', '本', 10, 320.00, '高中英文閱讀理解練習'),
('bb000000-0000-0000-0000-000000000007', '00000000-0000-0000-0000-000000000001', 'dd000000-0000-0000-0000-000000000002', '國三會考總複習講義', 'REF-ALL-JH3', '本', 25, 400.00, '國三五科總複習'),
-- 文具用品
('bb000000-0000-0000-0000-000000000008', '00000000-0000-0000-0000-000000000001', 'dd000000-0000-0000-0000-000000000003', '2B鉛筆', 'STN-PEN-2B', '支', 100, 10.00, '考試專用2B鉛筆'),
('bb000000-0000-0000-0000-000000000009', '00000000-0000-0000-0000-000000000001', 'dd000000-0000-0000-0000-000000000003', '橡皮擦', 'STN-ERS-01', '個', 80, 15.00, '標準橡皮擦'),
('bb000000-0000-0000-0000-000000000010', '00000000-0000-0000-0000-000000000001', 'dd000000-0000-0000-0000-000000000003', '原子筆（藍）', 'STN-PEN-BL', '支', 60, 12.00, '藍色原子筆'),
('bb000000-0000-0000-0000-000000000011', '00000000-0000-0000-0000-000000000001', 'dd000000-0000-0000-0000-000000000003', '筆記本A4', 'STN-NB-A4', '本', 50, 25.00, 'A4橫線筆記本'),
-- 制服/背包
('bb000000-0000-0000-0000-000000000012', '00000000-0000-0000-0000-000000000001', 'dd000000-0000-0000-0000-000000000004', '補習班T恤（M）', 'UNI-TS-M', '件', 15, 250.00, '蜂神榜補習班短袖T恤 M號'),
('bb000000-0000-0000-0000-000000000013', '00000000-0000-0000-0000-000000000001', 'dd000000-0000-0000-0000-000000000004', '補習班T恤（L）', 'UNI-TS-L', '件', 15, 250.00, '蜂神榜補習班短袖T恤 L號'),
-- 考試用品
('bb000000-0000-0000-0000-000000000014', '00000000-0000-0000-0000-000000000001', 'dd000000-0000-0000-0000-000000000005', '計算機', 'EXM-CALC', '台', 10, 350.00, '工程用計算機'),
('bb000000-0000-0000-0000-000000000015', '00000000-0000-0000-0000-000000000001', 'dd000000-0000-0000-0000-000000000005', '答案卡（100入）', 'EXM-ANS-100', '包', 20, 120.00, '光學讀卡答案卡100張/包')
ON CONFLICT DO NOTHING;

-- ================================================================
-- 17. STOCK_INVENTORY (庫存數量)
-- ================================================================

INSERT INTO stock_inventory (id, tenant_id, item_id, warehouse_id, quantity) VALUES
-- 總部倉庫
('70000000-0000-0000-0000-000000000001', '00000000-0000-0000-0000-000000000001', 'bb000000-0000-0000-0000-000000000001', 'aa000000-0000-0000-0000-000000000001', 45),
('70000000-0000-0000-0000-000000000002', '00000000-0000-0000-0000-000000000001', 'bb000000-0000-0000-0000-000000000002', 'aa000000-0000-0000-0000-000000000001', 38),
('70000000-0000-0000-0000-000000000003', '00000000-0000-0000-0000-000000000001', 'bb000000-0000-0000-0000-000000000003', 'aa000000-0000-0000-0000-000000000001', 42),
('70000000-0000-0000-0000-000000000004', '00000000-0000-0000-0000-000000000001', 'bb000000-0000-0000-0000-000000000004', 'aa000000-0000-0000-0000-000000000001', 15),
('70000000-0000-0000-0000-000000000005', '00000000-0000-0000-0000-000000000001', 'bb000000-0000-0000-0000-000000000005', 'aa000000-0000-0000-0000-000000000001', 30),
('70000000-0000-0000-0000-000000000006', '00000000-0000-0000-0000-000000000001', 'bb000000-0000-0000-0000-000000000006', 'aa000000-0000-0000-0000-000000000001', 18),
('70000000-0000-0000-0000-000000000007', '00000000-0000-0000-0000-000000000001', 'bb000000-0000-0000-0000-000000000007', 'aa000000-0000-0000-0000-000000000001', 55),
('70000000-0000-0000-0000-000000000008', '00000000-0000-0000-0000-000000000001', 'bb000000-0000-0000-0000-000000000008', 'aa000000-0000-0000-0000-000000000001', 200),
('70000000-0000-0000-0000-000000000009', '00000000-0000-0000-0000-000000000001', 'bb000000-0000-0000-0000-000000000009', 'aa000000-0000-0000-0000-000000000001', 150),
('70000000-0000-0000-0000-000000000010', '00000000-0000-0000-0000-000000000001', 'bb000000-0000-0000-0000-000000000010', 'aa000000-0000-0000-0000-000000000001', 120),
('70000000-0000-0000-0000-000000000011', '00000000-0000-0000-0000-000000000001', 'bb000000-0000-0000-0000-000000000011', 'aa000000-0000-0000-0000-000000000001', 80),
('70000000-0000-0000-0000-000000000012', '00000000-0000-0000-0000-000000000001', 'bb000000-0000-0000-0000-000000000012', 'aa000000-0000-0000-0000-000000000001', 25),
('70000000-0000-0000-0000-000000000013', '00000000-0000-0000-0000-000000000001', 'bb000000-0000-0000-0000-000000000013', 'aa000000-0000-0000-0000-000000000001', 30),
('70000000-0000-0000-0000-000000000014', '00000000-0000-0000-0000-000000000001', 'bb000000-0000-0000-0000-000000000014', 'aa000000-0000-0000-0000-000000000001', 12),
('70000000-0000-0000-0000-000000000015', '00000000-0000-0000-0000-000000000001', 'bb000000-0000-0000-0000-000000000015', 'aa000000-0000-0000-0000-000000000001', 35),
-- 板橋倉庫
('70000000-0000-0000-0000-000000000016', '00000000-0000-0000-0000-000000000001', 'bb000000-0000-0000-0000-000000000001', 'aa000000-0000-0000-0000-000000000002', 20),
('70000000-0000-0000-0000-000000000017', '00000000-0000-0000-0000-000000000001', 'bb000000-0000-0000-0000-000000000003', 'aa000000-0000-0000-0000-000000000002', 15),
('70000000-0000-0000-0000-000000000018', '00000000-0000-0000-0000-000000000001', 'bb000000-0000-0000-0000-000000000008', 'aa000000-0000-0000-0000-000000000002', 80),
('70000000-0000-0000-0000-000000000019', '00000000-0000-0000-0000-000000000001', 'bb000000-0000-0000-0000-000000000009', 'aa000000-0000-0000-0000-000000000002', 50),
('70000000-0000-0000-0000-000000000020', '00000000-0000-0000-0000-000000000001', 'bb000000-0000-0000-0000-000000000015', 'aa000000-0000-0000-0000-000000000002', 10)
ON CONFLICT DO NOTHING;

-- ================================================================
-- 18. STOCK_SUPPLIERS (供應商)
-- ================================================================

INSERT INTO stock_suppliers (id, tenant_id, name, contact, phone, email, address) VALUES
('cc000000-0000-0000-0000-000000000001', '00000000-0000-0000-0000-000000000001', '翰林出版社', '李經理', '02-2368-1234', 'sales@hanlin.com.tw', '台北市大安區和平東路一段200號'),
('cc000000-0000-0000-0000-000000000002', '00000000-0000-0000-0000-000000000001', '南一書局', '張業務', '02-2392-5678', 'order@nani.com.tw', '台北市中正區南昌路二段50號'),
('cc000000-0000-0000-0000-000000000003', '00000000-0000-0000-0000-000000000001', '三民書局', '周小姐', '02-2361-9090', 'edu@sanmin.com.tw', '台北市中正區重慶南路一段61號')
ON CONFLICT DO NOTHING;

COMMIT;

-- ================================================================
-- VERIFICATION: Count rows in all seeded tables
-- ================================================================

SELECT '========== Seed Verification ==========' AS info;

SELECT 'tenants' AS table_name, COUNT(*) AS row_count FROM tenants
UNION ALL SELECT 'branches', COUNT(*) FROM branches
UNION ALL SELECT 'users', COUNT(*) FROM users
UNION ALL SELECT 'manage_courses', COUNT(*) FROM manage_courses
UNION ALL SELECT 'manage_students', COUNT(*) FROM manage_students
UNION ALL SELECT 'manage_teachers', COUNT(*) FROM manage_teachers
UNION ALL SELECT 'manage_enrollments', COUNT(*) FROM manage_enrollments
UNION ALL SELECT 'manage_payments', COUNT(*) FROM manage_payments
UNION ALL SELECT 'inclass_schedules', COUNT(*) FROM inclass_schedules
UNION ALL SELECT 'inclass_attendances', COUNT(*) FROM inclass_attendances
UNION ALL SELECT 'inclass_exams', COUNT(*) FROM inclass_exams
UNION ALL SELECT 'inclass_exam_scores', COUNT(*) FROM inclass_exam_scores
UNION ALL SELECT 'inclass_parents', COUNT(*) FROM inclass_parents
UNION ALL SELECT 'inclass_payment_records', COUNT(*) FROM inclass_payment_records
UNION ALL SELECT 'stock_categories', COUNT(*) FROM stock_categories
UNION ALL SELECT 'stock_warehouses', COUNT(*) FROM stock_warehouses
UNION ALL SELECT 'stock_items', COUNT(*) FROM stock_items
UNION ALL SELECT 'stock_inventory', COUNT(*) FROM stock_inventory
UNION ALL SELECT 'stock_suppliers', COUNT(*) FROM stock_suppliers
ORDER BY table_name;
